-- phpMyAdmin SQL Dump
-- version 4.8.3
-- https://www.phpmyadmin.net/
--
-- Хост: 127.0.0.1:3306
-- Время создания: Июн 20 2020 г., 11:42
-- Версия сервера: 5.6.41
-- Версия PHP: 5.6.38

SET SQL_MODE = "NO_AUTO_VALUE_ON_ZERO";
SET AUTOCOMMIT = 0;
START TRANSACTION;
SET time_zone = "+00:00";


/*!40101 SET @OLD_CHARACTER_SET_CLIENT=@@CHARACTER_SET_CLIENT */;
/*!40101 SET @OLD_CHARACTER_SET_RESULTS=@@CHARACTER_SET_RESULTS */;
/*!40101 SET @OLD_COLLATION_CONNECTION=@@COLLATION_CONNECTION */;
/*!40101 SET NAMES utf8mb4 */;

--
-- База данных: `shop`
--

-- --------------------------------------------------------

--
-- Структура таблицы `categories`
--

CREATE TABLE `categories` (
  `id` int(11) NOT NULL,
  `category` varchar(64) NOT NULL
) ENGINE=InnoDB DEFAULT CHARSET=utf8;

--
-- Дамп данных таблицы `categories`
--

INSERT INTO `categories` (`id`, `category`) VALUES
(1, 'Apple'),
(2, 'Samsung');

-- --------------------------------------------------------

--
-- Структура таблицы `customers`
--

CREATE TABLE `customers` (
  `id` int(11) NOT NULL,
  `login` varchar(32) NOT NULL,
  `pass` varchar(128) NOT NULL,
  `roleid` int(11) DEFAULT NULL,
  `discount` int(11) DEFAULT NULL,
  `total` int(11) DEFAULT NULL,
  `imagepath` varchar(255) DEFAULT NULL
) ENGINE=InnoDB DEFAULT CHARSET=utf8;

--
-- Дамп данных таблицы `customers`
--

INSERT INTO `customers` (`id`, `login`, `pass`, `roleid`, `discount`, `total`, `imagepath`) VALUES
(2, '1234', '1234', 2, 0, 0, 'images/users/82646845.jpg'),
(6, '123', '123', 2, 0, 0, 'images/users/AAC3egM.jpg'),
(7, 'admin', 'admin', 1, 0, 0, 'images/users/AAC30nH.jpg');

-- --------------------------------------------------------

--
-- Структура таблицы `images`
--

CREATE TABLE `images` (
  `id` int(11) NOT NULL,
  `itemid` int(11) DEFAULT NULL,
  `imagepath` varchar(255) DEFAULT NULL
) ENGINE=InnoDB DEFAULT CHARSET=utf8;

-- --------------------------------------------------------

--
-- Структура таблицы `items`
--

CREATE TABLE `items` (
  `id` int(11) NOT NULL,
  `itemname` varchar(128) NOT NULL,
  `catid` int(11) DEFAULT NULL,
  `pricein` int(11) NOT NULL,
  `pricesale` int(11) NOT NULL,
  `info` varchar(256) NOT NULL,
  `rate` double DEFAULT NULL,
  `imagepath` varchar(256) NOT NULL,
  `action` int(11) DEFAULT NULL
) ENGINE=InnoDB DEFAULT CHARSET=utf8;

--
-- Дамп данных таблицы `items`
--

INSERT INTO `items` (`id`, `itemname`, `catid`, `pricein`, `pricesale`, `info`, `rate`, `imagepath`, `action`) VALUES
(3, 'iPhone', 2, 20000, 35000, 'brand new', 0, 'images/products/Sams.jpg', 0),
(4, 'iPhone', 2, 10000, 15000, 'bjvkba', 0, 'images/products/sams600.jpg', 0),
(5, 'iPhone', 1, 10000, 15000, 'bjvkba', 0, 'images/products/ccf90965-8a0e-4e8e-bc78-4520677ddfad.png', 0),
(6, 'iPhone', 1, 10000, 15000, 'bjvkba', 0, 'images/products/Appl.jpg', 0),
(7, 'iPhone', 1, 10000, 15000, 'bjvkba', 0, 'images/products/App.jpg', 0),
(8, 'Galaxy LX-25', 1, 1200, 1850, 'dertvdw cbyrefy', 0, 'images/products/30045421b.jpg', 0),
(9, 'iPhone', 1, 1450, 1950, 'mkbvuw', 0, 'images/products/images.jpg', 0),
(10, 'Samsung RS-100', 2, 950, 1200, 'jwuq', 0, 'images/products/img_6783.jpg', 0),
(11, 'Samsung RL-150', 2, 1500, 1850, 'vio;mcopq', 0, 'images/products/DSC_0789.jpg', 0);

-- --------------------------------------------------------

--
-- Структура таблицы `roles`
--

CREATE TABLE `roles` (
  `id` int(11) NOT NULL,
  `role` varchar(32) NOT NULL
) ENGINE=InnoDB DEFAULT CHARSET=utf8;

--
-- Дамп данных таблицы `roles`
--

INSERT INTO `roles` (`id`, `role`) VALUES
(1, 'Admin'),
(2, 'Customer');

-- --------------------------------------------------------

--
-- Структура таблицы `sales`
--

CREATE TABLE `sales` (
  `id` int(11) NOT NULL,
  `customername` varchar(32) DEFAULT NULL,
  `itemname` varchar(128) DEFAULT NULL,
  `pricein` int(11) DEFAULT NULL,
  `pricesale` int(11) DEFAULT NULL,
  `datesale` date DEFAULT NULL
) ENGINE=InnoDB DEFAULT CHARSET=utf8;

-- --------------------------------------------------------

--
-- Структура таблицы `subcategories`
--

CREATE TABLE `subcategories` (
  `id` int(11) NOT NULL,
  `sucategory` varchar(64) NOT NULL,
  `catid` int(11) DEFAULT NULL
) ENGINE=InnoDB DEFAULT CHARSET=utf8;

--
-- Индексы сохранённых таблиц
--

--
-- Индексы таблицы `categories`
--
ALTER TABLE `categories`
  ADD PRIMARY KEY (`id`),
  ADD UNIQUE KEY `category` (`category`);

--
-- Индексы таблицы `customers`
--
ALTER TABLE `customers`
  ADD PRIMARY KEY (`id`),
  ADD UNIQUE KEY `login` (`login`),
  ADD KEY `roleid` (`roleid`);

--
-- Индексы таблицы `images`
--
ALTER TABLE `images`
  ADD PRIMARY KEY (`id`),
  ADD KEY `itemid` (`itemid`);

--
-- Индексы таблицы `items`
--
ALTER TABLE `items`
  ADD PRIMARY KEY (`id`),
  ADD KEY `catid` (`catid`);

--
-- Индексы таблицы `roles`
--
ALTER TABLE `roles`
  ADD PRIMARY KEY (`id`),
  ADD UNIQUE KEY `role` (`role`);

--
-- Индексы таблицы `sales`
--
ALTER TABLE `sales`
  ADD PRIMARY KEY (`id`);

--
-- Индексы таблицы `subcategories`
--
ALTER TABLE `subcategories`
  ADD PRIMARY KEY (`id`),
  ADD UNIQUE KEY `sucategory` (`sucategory`),
  ADD KEY `catid` (`catid`);

--
-- AUTO_INCREMENT для сохранённых таблиц
--

--
-- AUTO_INCREMENT для таблицы `categories`
--
ALTER TABLE `categories`
  MODIFY `id` int(11) NOT NULL AUTO_INCREMENT, AUTO_INCREMENT=3;

--
-- AUTO_INCREMENT для таблицы `customers`
--
ALTER TABLE `customers`
  MODIFY `id` int(11) NOT NULL AUTO_INCREMENT, AUTO_INCREMENT=9;

--
-- AUTO_INCREMENT для таблицы `images`
--
ALTER TABLE `images`
  MODIFY `id` int(11) NOT NULL AUTO_INCREMENT;

--
-- AUTO_INCREMENT для таблицы `items`
--
ALTER TABLE `items`
  MODIFY `id` int(11) NOT NULL AUTO_INCREMENT, AUTO_INCREMENT=12;

--
-- AUTO_INCREMENT для таблицы `roles`
--
ALTER TABLE `roles`
  MODIFY `id` int(11) NOT NULL AUTO_INCREMENT, AUTO_INCREMENT=5;

--
-- AUTO_INCREMENT для таблицы `sales`
--
ALTER TABLE `sales`
  MODIFY `id` int(11) NOT NULL AUTO_INCREMENT;

--
-- AUTO_INCREMENT для таблицы `subcategories`
--
ALTER TABLE `subcategories`
  MODIFY `id` int(11) NOT NULL AUTO_INCREMENT;

--
-- Ограничения внешнего ключа сохраненных таблиц
--

--
-- Ограничения внешнего ключа таблицы `customers`
--
ALTER TABLE `customers`
  ADD CONSTRAINT `customers_ibfk_1` FOREIGN KEY (`roleid`) REFERENCES `roles` (`id`) ON UPDATE CASCADE;

--
-- Ограничения внешнего ключа таблицы `images`
--
ALTER TABLE `images`
  ADD CONSTRAINT `images_ibfk_1` FOREIGN KEY (`itemid`) REFERENCES `items` (`id`) ON DELETE CASCADE;

--
-- Ограничения внешнего ключа таблицы `items`
--
ALTER TABLE `items`
  ADD CONSTRAINT `items_ibfk_1` FOREIGN KEY (`catid`) REFERENCES `categories` (`id`) ON UPDATE CASCADE;

--
-- Ограничения внешнего ключа таблицы `subcategories`
--
ALTER TABLE `subcategories`
  ADD CONSTRAINT `subcategories_ibfk_1` FOREIGN KEY (`catid`) REFERENCES `categories` (`id`) ON UPDATE CASCADE;
COMMIT;

/*!40101 SET CHARACTER_SET_CLIENT=@OLD_CHARACTER_SET_CLIENT */;
/*!40101 SET CHARACTER_SET_RESULTS=@OLD_CHARACTER_SET_RESULTS */;
/*!40101 SET COLLATION_CONNECTION=@OLD_COLLATION_CONNECTION */;
